user_id,username,password,email,date_last_collection,streak
c9360e87-3186-4c30-8fc7-2ce1e60819ed,SurvivableExhaustion,XXFAN,salomo@aol.com,,
568af656-2762-499e-80a1-a1bc5e7b7a24,ImposingPlum,AW9NM,micheal@gmail.com,,
75949266-12d1-415a-bdaf-456ea9b92536,Well-meaningWitch,HS3Y2,eduard@gmail.com,,
fbe6ee4e-d4e2-42e2-a033-a1c465bc8b9e,ChillingWombat,6SD98,garfinkel@aol.com,,
3fb8ecd2-09f4-46b2-89bb-d7c31670b04c,EcologicalPerennial,LWFZB,judy@icloud.com,,
285fab47-3479-4fb0-9ced-700eefcdc02d,ConversationalJourney,VYQVT,jacquie@gmail.com,,
09d73ced-8aa4-4e6e-80b9-80732a6f7258,GiganticVanity,XMNYY,garvin@outlook.com,,
15962eb4-e666-4481-8222-6c588d4aee40,IncorrigibleGuarantee,NS3SB,noellyn@aol.com,,
2705a621-89e5-4648-83f8-7f3397738e16,BeckoningPackaging,AYBHV,maible@icloud.com,,
6c16c7e1-ce96-4ecf-b92e-82cf59ec1ee8,IgnorantCouple,CJPRV,liliane@gmail.com,,
d4175031-87d9-489d-98e1-382a97cb9f19,UnchangeableMelon,NMQZ4,peirce@yahoo.com,,
48087ea6-df1b-44dc-bd07-7594c73e691c,StrikingPillow,NG06A,ronen@outlook.com,,
c68b2bbb-41c8-4ade-bf73-e4edb2bcc2b5,ForwardDynamics,2SIEM,elisabet@icloud.com,,
04ef2879-d731-4f9e-ae92-6943af393e7d,ExpendableAngel,75YKE,melina@icloud.com,,
2d6a90be-467f-4a78-9728-8d82d1e4a68b,TriumphantMonster,RMYQ0,caresa@outlook.com,,
53da8491-400d-4e96-b3a4-d57510a6fea1,BraveFarm,L5XQ2,lonee@outlook.com,,
f72d77e7-d98b-400c-8c50-c460575c696b,UndesirableEnclave,BAAUJ,hebert@yahoo.com,,
f2fc95e1-8fae-445f-a009-d2c81e49c177,GrowlingLook,QCUZ7,renaud@gmail.com,,
70777970-ba38-4d2b-95ea-211e000ad398,SculpturalLivestock,V62UM,ailey@aol.com,,
fc48cbdb-ba48-4dd0-bbdf-fcacb5d341cc,VibratingConductor,AZ626,steffi@aol.com,,
6d373a72-4f3f-4090-a19e-1e1844d1b94f,UnlovedDaybed,2NDML,tine@icloud.com,,
90410f40-7b40-40ee-91e9-3519f1f03aee,ThriftlessRevolution,WHVYU,dave@aol.com,,
7ad8d909-a378-4b48-ba89-e3504a8044b7,PleasantGoal,CLYZL,kostas@aol.com,,
b7d4ff77-ef6e-468f-a60f-868a6e89dc44,PresentCouncil,BRPGY,wells@aol.com,,
05983e20-84ec-4073-adf8-ec46c089f623,IndistinctGrace,DI8N4,katrina@aol.com,,
95f28e4c-777f-4c62-9dc3-94556bed2e0f,MercifulDirt,SF6LS,anett@icloud.com,,
cc1746c2-a475-46dc-9434-d7dc95b3b5ad,TremendousStem,IQ43I,dyna@aol.com,,
caece141-d1d1-4a98-a835-98c4268499a4,UndeviatingSkin,PBDUL,margie@gmail.com,,
ff099876-fadc-473e-9c71-3b9bcf781744,NoxiousTulip,RMLEI,electra@yahoo.com,,
f4e608ec-dea8-4f5c-9b7e-b185242c37bd,InsurmountableNightlight,B2K7V,anette@icloud.com,,
285f3927-4fcd-4248-98cf-e0273b7a166f,NorthCold,EX4V2,averyl@aol.com,,
1cdc9b6c-8a43-490d-bcb5-41afcbed6578,JocularHalf-brother,ONNO3,josiah@yahoo.com,,
953fdbb2-31d5-4a51-bf59-e5a3adf6c566,IntestinalCarol,8SB45,nisse@outlook.com,,
b761e467-4335-4009-b888-7359ed160ffb,MortifiedTrick,E53H5,ave@icloud.com,,
1ab85f63-f8de-4a63-92fe-0b70ae7d3c85,MultitalentedAttempt,AGFZK,lion@yahoo.com,,
e8a72cb5-7776-4417-8e7d-d06d70df5a15,NasalPickle,5VDYT,caralie@gmail.com,,
24c594e5-7109-4e3d-8376-84c28e83bd2a,UnfocusedAction,X2SWQ,irene@aol.com,,
cc35801e-2636-409b-b9f3-a62756ca1a99,ScentedOverheard,B4AF1,aggy@gmail.com,,
c6311970-017a-4318-ae3d-80a6fefc7d95,ShadyPillbox,OV14E,colin@yahoo.com,,
e7baa826-5cfa-45e2-8519-a2d6077c0cab,DepressingLesson,DCAIE,katha@icloud.com,,
d00bafd9-abb6-430c-a386-7fbc5170cb13,AwareQuit,I7RH1,bernita@icloud.com,,
c8c7d98e-38cc-452a-85f5-aaeb60e43ceb,NeutralVoter,IDV89,mariejeanne@outlook.com,,
01cc878d-7c14-496b-a5e8-893683aeffa7,EncrustedFootprint,EREKH,goddard@aol.com,,
414a9d1a-f0a8-44b5-a9ec-6f03fe75b6e8,Sky-blueSympathy,MOLV1,sally@aol.com,,
43830bd3-2f7c-4eda-83b6-7aeb115075cc,ParsimoniousCutover,6WWCM,roland@icloud.com,,
2626e0c4-6a8a-42ed-9e16-7995005b8d36,VinegaryChef,4XPKM,filipe@gmail.com,,
31669139-360d-4b14-a545-e1154903a540,WorseRule,RNFWJ,walden@outlook.com,,
01db3ec8-2a8e-48ce-bdc4-dbfe1e470742,ProvocativeHide,667VC,hildy@aol.com,,
df7037f6-85cd-47f5-8e76-72584c3c6f9d,HarmfulGlory,WW4FM,jillie@aol.com,,
418ce8db-2713-4eaf-b9c9-00e2994e15e5,BoastfulOvary,LT4S5,jessey@aol.com,,
86a93ee3-b8e1-4801-9a90-e1d097074821,CreepingSkullcap,L2ICY,leslie@yahoo.com,,
0c62b69b-3bf7-45a0-8e7a-a3a1c42b87c5,Lesser-knownSandbar,EHG0L,hamnet@aol.com,,
636edb5d-d5a8-4916-98a8-057ca22cc2e0,RelaxedMaelstrom,QMZ1I,dodi@aol.com,,
4f674fb4-362e-4f3a-a820-bf76f98d55fb,TribalShare,XWZML,ave@gmail.com,,
5e1dd45c-3673-4a4f-9380-498ecfd2bcce,MaternalInterface,YKRYS,fifi@outlook.com,,
583fab17-c089-4f74-b524-0d8dc06f8778,FortuitousEnzyme,P3FQT,prasun@yahoo.com,,
e52b28d6-1b3f-409d-8088-cb8047db422f,HolidayChampionship,2TSLD,lucas@yahoo.com,,
78d349f2-39d1-4e43-8698-5d6090b1948b,ImpreciseIndividual,467TN,lewis@yahoo.com,,
b134670e-447a-48e4-b0a1-805abd791934,HeartlessTrailpatrol,4DIBT,cacilia@gmail.com,,
4099213c-7f28-4c50-acc6-b29b67a911a3,TherapeuticResort,S8U4C,sully@gmail.com,,
4e8cb6b7-bf09-4465-a7e9-6b774ae2c584,TimorousInjustice,MOC7S,esme@icloud.com,,
8458c2bf-b8bb-48b2-9789-5050c26fd027,RetroactivePhoto,ASOFM,davis@icloud.com,,
68597831-9d44-42ce-828f-cffe6186a88b,LimpGaloshes,HO20S,mathilde@gmail.com,,
038ed841-074b-499e-be8d-734a662b8a93,MagentaSection,8YMX3,gav@yahoo.com,,
7af425f5-7802-4e7a-990f-8e708f1ae59e,ClassyReason,F2SGT,shelbi@outlook.com,,
9457551f-80d1-4436-b66f-cf641f2b320c,ImmeasurableJunker,AFQQL,jonah@outlook.com,,
4aed5cba-1cf7-4d7c-93a7-e28e4ad7e980,AfraidFiery,P1H87,yigal@outlook.com,,
6e955041-8941-494f-80a8-020a7f4cc453,MatureBuilding,WNMBK,rosana@icloud.com,,
15c050ab-1c5b-43bb-adf3-c0295634d547,UpbeatAdvantage,K5L7C,tommie@yahoo.com,,
e662d4a0-6c92-4f25-8a53-032fd3f3c4ad,UnseasonableShin,265D8,gussie@yahoo.com,,
11fab130-7ef1-4e6b-9df3-6023227bcd23,ShrillWitness,9MJBH,alexis@outlook.com,,
93d6d210-2b20-45aa-9dfb-eb01f9a69add,OverconfidentBalloon,W9LY6,rhea@yahoo.com,,
e98c7137-9166-42bd-880a-a12180eb0861,CockyYear,DR67S,kaari@aol.com,,
df5489e6-e148-4303-83be-ee6caf19b166,UnkemptTurf,OMG7E,karry@yahoo.com,,
a8d5dc0a-b7bd-4260-9de9-967eca91f683,UnheededMissile,Z9EXH,reginauld@icloud.com,,
e786e515-2502-49e5-a587-366aa53b39e6,CommemorativeGraffiti,Q7QDX,sorcha@yahoo.com,,
3e4f0467-1592-4ac3-b4c5-347e70bf3620,FiendishPremium,XXFTG,ty@icloud.com,,
c09298ce-8507-4b49-9bef-c2997c7c87a6,FiniteAttitude,I0R6F,eli@aol.com,,
9a8ea6fa-ee0f-4835-9a17-aa160babdcbb,VerifiedPlea,I7828,sharra@outlook.com,,
1c777789-58a8-421d-8604-22f627dec75a,UnconquerablePimp,VSWJO,ellen@outlook.com,,
c0fbc0fc-883e-480b-b76d-b66c90b15fc1,UnscholarlyPrimary,YPB3E,marmaduke@aol.com,,
dd86d65c-ad15-4230-a0ee-e75148999450,UsefulCreativity,YYAET,ariella@outlook.com,,
3af84438-4f94-4513-9476-d443f4548820,VagrantDeparture,DXZ43,dasi@yahoo.com,,
cdbe3708-daa6-4d3a-b0d3-37c1c5c64001,MelodramaticBiology,26AM8,igor@gmail.com,,
0ed4286e-0293-4ff9-9bfc-62ae5102ca3a,ConstrictiveAdvertising,J6JZE,jo ann@icloud.com,,
87153983-50de-4b10-8eab-5e58012f71e2,FierceLute,V05P9,ashlie@outlook.com,,
b0b89ac8-ebeb-4100-90be-3790c6d8d32b,LogicalHorse,9DJZ5,reinhard@aol.com,,
d7cec63f-b8aa-47be-aca3-c6be0af96661,SymbioticHalt,ADAI7,karine@icloud.com,,
c71a7aa2-49b6-4c37-95f9-ea165df42c19,RemainingSponsor,1NC68,grissel@aol.com,,
06a97170-f4cd-44d3-bace-995f321e4360,"Few,Soulmate",94QT8,paolo@gmail.com,,
3a8f3f3d-d44a-4ac3-8baa-661d6fa976e0,AbundantCytokine,LOLZG,hart@gmail.com,,
62b57d0b-eafd-4cd3-b118-fa9601a0467d,ScandalousChoir,CLNLJ,derrin@outlook.com,,
232bea06-0922-42fc-a8fc-59e1a52a97f7,OverpoweringHardcover,AMIHO,meier@icloud.com,,
cd369bda-2f1c-488a-b78f-18233e1bb2aa,AffectionateTaxi,4KB2X,lacy@yahoo.com,,
c4afeefb-aea1-4a57-8746-b5deeee9662b,AridVermicelli,N4NGP,gerard@gmail.com,,
d79d279b-6b5d-48a2-b49a-34192aaed0b6,ContemptuousThreshold,U4GWZ,walter@aol.com,,
c9f2e5aa-9ead-4fdd-9586-2c67e66f690b,DeceitfulCrinoline,0K17B,clair@gmail.com,,
e2afa309-a8ff-48f4-a7c5-f42159a29737,UnceasingTailbud,ILALT,hynda@aol.com,,
45e3c6db-c949-4fe7-87ef-effec2266528,CompetentGraft,4B9Y9,clemente@aol.com,,
9388d7e0-ee9d-4de5-bb89-ed3ff7fb2d85,Self-effacingTwig,3LTRP,phip@icloud.com,,
e78ebb16-d04e-4c52-8b39-b7b9428e29e2,SwimmingKey,EHAQ8,juergen@yahoo.com,,
c20f1b2e-9038-4580-9ca6-98f4ddc19789,TartFear,S0CFG,helen-elizabeth@gmail.com,,
1b871032-aca8-4eec-9300-fb91dc5c7bc2,FirmNibble,U5PIV,auroora@aol.com,,
915ffaa5-f318-48f8-b88f-5c305892b755,FatCourage,666TL,julio@aol.com,,
0f7e686f-1d79-457f-919e-bde881172223,FoamyAmenity,7T5IV,willi@aol.com,,
4c8a8100-4299-48f7-b1b6-871cb0fb44b5,VexingFestival,QWQXZ,al@gmail.com,,
b6a5d28c-e8ed-490f-bf3d-29fa8e515eaa,UnearthlyCement,TTFH6,cole@gmail.com,,
8a3d18b4-eb82-4c7c-bdec-62291c860c9e,DistinctLobby,NWBQ2,amelie@gmail.com,,
b9364e80-8114-4dc4-8962-0faf0a30dfc1,FocusedHeartbeat,C8DYW,scot@aol.com,,
a575e692-7165-43ec-9cd4-35684d581176,VacillatingCroup,YHI7H,concordia@icloud.com,,
2def2044-b2c2-48ba-a640-2f549a934666,SquanderedTuxedo,9GFEC,maryann@icloud.com,,
83b1a443-813a-44f8-a662-fa0e92dd08b3,EquitableLock,21NSV,elonore@aol.com,,
9d077863-ca9e-4805-b302-351465fc4b43,SimultaneousBase,YF3QY,nadia@outlook.com,,
97c197b8-2605-4b11-ac19-d7f005f6fa7f,LyricalAbbreviation,HYPWE,bertram@aol.com,,
3edc3e4d-7724-4302-8b31-d30b687fe233,AvidOutlet,7JIBW,ottilie@aol.com,,
7d3931c1-262d-47e4-8a7c-8ed309e7099f,SwoopingAttraction,YD1GV,hermione@icloud.com,,
b1eddb4f-f330-4453-b60b-040f9cf13c62,ThirdCourage,ER9VB,trudy@gmail.com,,
c8ed7d8b-74ac-4794-8751-de009c6fce42,SquanderedHose,L4O62,belita@outlook.com,,
dcb55144-8aa1-49cf-81f9-a37aa19e00c1,DiscreditedDisclosure,KE3OK,legra@yahoo.com,,
f3ca2991-dca9-4327-8de2-e1942567c60e,ClimaticSpec,1CGF5,belicia@gmail.com,,
0e34f6ef-f96d-4d88-bcbe-6f8cd00183f1,Narrow-mindedCarriage,Z3DPT,herold@yahoo.com,,
c4eb8ae6-cd1c-47ee-acec-16d3186789f7,OafishLatitude,H8PYG,edythe@icloud.com,,
ca066b99-1936-4f13-991c-3610c3b6b445,InnateEvening,L6QRJ,roselin@icloud.com,,
25069219-f2a1-4dc9-8ee4-d8a0fc31b907,GregariousOzone,0HWAU,madelyn@icloud.com,,
c2df280c-cf0e-4735-ab76-84c6ee45ffb1,TwitchyWeapon,WEQ2N,lurlene@icloud.com,,
b27e349c-bc50-4f7d-bd3b-59258697cbf9,DisingenuousFreight,TES0O,colleen@icloud.com,,
e995b041-8e0b-47cd-b594-b71ddd3128fa,PrimGoing,NZX0M,rosy@icloud.com,,
3dcae7f9-2591-4322-bedd-db7ffbee31d9,AllMicrophone,7UKAT,lira@yahoo.com,,
08e17187-024c-425e-bd99-ee15ec8af0a6,ScrumptiousSeagull,T82FY,lorraine@outlook.com,,
27f2460e-066c-47b9-b31a-264a21dcc479,CreamyOpening,UH6ZJ,atalanta@gmail.com,,
f854fe02-dcda-4ce4-bd87-a804a68d3b7c,CorruptiveDisposer,354YR,lorrie@gmail.com,,
72411ad0-c9d1-452e-b541-625b803dda99,HormonalSpecification,NKPWH,francesco@icloud.com,,
34b4f9b6-553c-4a74-a719-79a4abc361a5,ObjectivePolarisation,DQERB,dayle@yahoo.com,,
44fae04b-6c8a-4cd5-8035-e038378acfb1,SubtitledNondisclosure,5UN47,linette@icloud.com,,
efa479fc-4763-4aa8-854a-f167a49d5ec9,StrongerForever,07VY0,roddy@icloud.com,,
5e030ec3-3235-4dff-91fa-df268fca08b3,WinningOttoman,E16OM,barty@yahoo.com,,
32643f6e-7b36-45fc-be5c-8062e5cd64fc,ConstrictiveAdmission,JF6IS,myrilla@gmail.com,,
b2d71676-b221-4b6a-ba5c-ec45d1549fa3,BlankMuffin,5364Y,marinna@icloud.com,,
f2f33b76-1d32-48e9-b00b-7dedaa3cc028,AshamedExtreme,9APUS,waverley@icloud.com,,
feb07d6d-f203-4743-9e37-53308af704ea,NeuroticAuthorization,XBMXQ,aristotle@icloud.com,,
e9ade865-d1df-49af-9070-d5ceebfe63a0,SteadyLoft,S0N9S,nari@icloud.com,,
e9080abf-9d40-44ce-b549-0014913b565f,ProximateWhisper,5SOYE,nydia@outlook.com,,
38bdc608-2bd2-4673-a134-bfbc71bb7dae,UnspeakableHabit,WXSEV,alanah@icloud.com,,
13be01f8-2e79-4693-9a8c-294a2abea107,HumbleBath,JKDKA,carter@icloud.com,,
d3d9c1db-eb43-4a42-979e-1e6acf6d1dd7,WhimsicalBiopsy,E9AOZ,florrie@icloud.com,,
987db05d-2b86-4245-98b1-4693d1555937,InstantBurglar,3HZSX,dee dee@gmail.com,,
444ee456-0c48-4b12-8b74-9a25cdba81f3,TrickyRestriction,PUG6O,cristy@gmail.com,,
19587de0-9ac4-4681-adee-f651e6a7fc41,UninformedSilicon,P2WAU,joyous@outlook.com,,
404c9882-c50b-4aab-9a76-02e637c92c61,MutualZoology,JZB6I,kristina@outlook.com,,
70481ffe-e89a-4c7d-a3c7-cf97ec4a4cf4,UntenableFoot,POXXD,dmitri@icloud.com,,
e396d40c-21f4-4aff-a999-f3ed7766094f,UnequalNightlife,DZAQY,bharat@gmail.com,,
6c4b59b4-a781-4adf-a86d-ba827fc540bf,TroubledMandate,1ATXG,fawne@gmail.com,,
8e0af9a3-3557-44a9-a8c1-06b4293d7355,DiversifiedModem,9Q4R6,lynna@outlook.com,,
0d2c684a-7083-43ff-bb64-2c5697b167fc,FlatLogic,AGVDC,amaleta@gmail.com,,
b59bcbd3-f692-4f85-9f9a-cdfbfb28a324,CruelFrontier,QP7EQ,richie@aol.com,,
ab21a6f3-a852-42d2-97eb-4a14d05425a7,BriskCraftsman,3D8U1,dedra@outlook.com,,
aa2d1c04-d057-4d9a-804a-ee877a413b0d,EnumerableRecognition,G6HIB,laurianne@icloud.com,,
80bbdea1-e732-49fb-8fd9-9205dfd9f340,DeceptiveAscent,Y9F9R,estrellita@outlook.com,,
b6b801b5-1c5d-4b14-b296-d62cf4e8ffb8,ThrashedObservation,2JI9J,fletch@gmail.com,,
8dd4941c-8ad6-4e0e-93cf-5ae3485e3081,Hot-shotPassive,GTMPN,gavra@icloud.com,,
b6b66824-05d1-4c17-8b52-938baa25fa0c,BelchingNorm,NH63E,fanny@aol.com,,
232c29f8-4dae-4197-a046-94e0410bf01f,SterileCrest,WYG8L,francis@gmail.com,,
40f6f333-31b5-4218-aa34-07830d2f08e9,DesertedPiano,3ZWUM,patti@gmail.com,,
9dfb220d-cfc5-482d-87dc-14a04d1dfe3a,UnclutteredAllergist,30M3M,harri@outlook.com,,
e8cdd863-b79b-41de-9af2-fcd24c5fb8f0,WeirdSaucer,WHF3L,horacio@icloud.com,,
abaf091c-2d14-49ee-8657-5ac7807448a2,SculptedVariety,0GS8G,anet@aol.com,,
31f1c13e-8054-4eff-93bc-e9052c41092b,RenewableChipmunk,RAB7B,violet@outlook.com,,
65cdedd5-2670-400d-be1b-c7ff8dc777fb,HalfForever,1O2FK,dietrich@icloud.com,,
4b6e20c6-d87c-4fa3-8b7c-5616dbe92df0,MatchlessShipping,DKDKU,martelle@gmail.com,,
d562a1c5-bad6-4237-bfa8-ef0701cff2ba,TotalYellow,OF5SK,laurence@aol.com,,
a53d8d52-9ebf-4c93-bb7f-aa3a243154eb,FlattenedAdobe,LXXH2,philomena@aol.com,,
e63acad5-4f95-4094-8255-ff2d3140e46f,DwarfishHospice,FYBR5,minnie@icloud.com,,
b184ca70-1c90-4fe5-a479-9e25ddffa248,IntrepidRape,07IN1,moina@gmail.com,,
e74d71ca-679e-40fd-8ff8-6f18180ca14b,CacklingPecan,3IEBQ,carlynne@icloud.com,,
3707de00-f206-4568-a9e0-a8953d8f6063,FundamentalIncrease,ZG79L,ash@gmail.com,,
d7f57c1a-b01a-4847-aeda-a41cf47bd377,UnlivableCougar,M2OJF,ingram@gmail.com,,
696c28c7-93fd-4a63-bcff-22d442eb1982,IllegibleDocumentation,P1XKM,natala@gmail.com,,
bf7eb331-8324-48cb-8e27-f0f0e5b4bd40,UnseasonableScrim,6YY7A,stormie@icloud.com,,
6085e950-2831-4fdd-aa4f-7a3c181aea6b,TidyBicycle,T39DJ,whittaker@aol.com,,
242125d1-18c8-4100-9dd8-fb89ed4e24d8,DisadvantageousFrost,FZ3XL,britani@yahoo.com,,
a7ce6c7d-6b5f-4b6d-aa73-5dcd27de068a,BarbarousEyelashes,DFCP3,konrad@gmail.com,,
a004bdd3-556b-465b-9e3e-febd16bc6384,AbhorrentDescription,ZHWYK,allegra@outlook.com,,
465b1cb8-6ea7-4b61-97d0-5be15f18090d,UtilitarianBaboon,GUTX9,ryann@aol.com,,
a5763ce9-e60c-4798-9d33-e87ec6b52358,ConvulsiveCohesion,761SN,vijay@icloud.com,,
5da9ea69-09f0-4d6a-9187-e484e5bfbfaf,LithographicInvasion,O6HPK,gavrielle@yahoo.com,,
19c63420-e46b-46ea-8b79-d7f429d0b294,ProofWest,ZROGX,ham@icloud.com,,
d3238e7f-18d7-4cf4-8dc3-5b43a1583ed2,EmbarrassedBitter,UABWA,avivah@outlook.com,,
ada17af1-49d2-42f1-891f-9cd3ace2bb8a,CohesiveHedgehog,FLKDL,sara-ann@gmail.com,,
9f2f21cc-5785-429d-9a82-50d061981b4d,ModularCrane,JGBNQ,ariela@icloud.com,,
fc2f4d6d-d3e0-47f0-9cce-f1168cf9ac68,SwankyRetrospective,K4FXB,pieter@outlook.com,,
cdcc8e85-23b8-47dd-b6f1-d856110adb0d,ComparativeAtelier,HT336,pyotr@outlook.com,,
4dc32fb7-66a3-49d0-a09a-1a460c109760,IllLigand,JKGSZ,randi@outlook.com,,
eb5f19a3-9144-4ae6-a1a2-8e4a1d03415f,InspiredSweatshop,FZS4Q,webb@yahoo.com,,
33bad17b-9206-4cfe-bffb-353363850f1d,LikeableJaguar,Y8UBM,bernadina@outlook.com,,
65f76e9d-1022-4f03-b2e1-d3a907fd2f72,UnexpressivePlagiarism,G9NSR,edythe@yahoo.com,,
d43d757c-3484-4a4e-8050-f7c78da3c139,SelectiveCarbohydrate,WC6C8,barny@icloud.com,,
05cd6372-a828-4cab-a7ed-96354d76c8eb,MuffledEvaporation,MYDH3,tabbitha@gmail.com,,
8a7e0719-5d74-4938-a52c-bfa595328be7,TenuousButton,LSJ3Q,ian@outlook.com,,
d8b0c0fa-71f3-4cb6-becf-9b460ab869b7,DownloadableDisaster,OZVUQ,aida@yahoo.com,,
3062f439-916d-4814-98de-c63a8fe1b739,FaultyDonation,0T4I3,asia@aol.com,,
573f8557-19ef-4449-8403-7ba805fe3e1b,VerbalImpudence,07DEI,ikey@yahoo.com,,
fb1f3b0a-5278-41c9-a2cf-a2020b4aefe7,ReservedProximal,WU73G,jo@icloud.com,,
3e8ac7b7-0e2e-4d0d-bf8f-88e8a388b263,IndiscreetTest,T0YJD,abbie@gmail.com,,
af58bff8-c367-40f8-89fe-2f3e9abb7e08,GlobalPolicy,7KV0H,maxie@outlook.com,,
be15c964-bf04-4044-985e-e89c0bb21887,BouncingAppropriation,18N0Z,conan@aol.com,,
7c1b1387-2edc-4388-b024-bd28dc049a58,SnarlingWindow,XZRJW,myrilla@icloud.com,,
7bc2a542-6288-4d09-9ec7-33cb2b050111,DaftAlpenhorn,XPFLC,nolie@icloud.com,,
e3c65c11-3969-4b71-b158-35fff69d4e12,WideLoop,T1Q7K,emmey@yahoo.com,,
f83fc1f9-0211-4fe4-88f5-d5936f7ea04d,UnmaskedRed,JDVTA,frankie@gmail.com,,
d5972e9f-6836-4177-87c7-cb5b9cceaac4,EngrossingPie,UION1,maryjane@yahoo.com,,
be54c6e9-1500-434c-a266-42d37a4922dd,IrresistibleTribe,OESIW,arliene@gmail.com,,
607aeaaa-81cd-481d-8a30-8c8e8860e428,FamishedTear,16FHR,jesse@icloud.com,,
ca75f37f-5c1f-4539-baee-8141e0a72598,EmotionalLotion,57AAF,eduard@outlook.com,,
4b9f46c8-cf84-42e6-a741-92a79b47eb3f,RepulsiveCyst,T8RN5,karee@icloud.com,,
81560593-a867-4f08-8f4a-ea9dd7941e41,ScrappyProstrate,3IDIL,reba@outlook.com,,
053e8bb1-1cdf-4647-8ccd-0d9c4758bb9a,InteriorLimb,CD2S8,von@yahoo.com,,
7ca5c8c6-d0cc-499a-a4d7-e2803dfce089,TrenchantCrayon,OL8KS,vaclav@gmail.com,,
14f2e4b7-f29a-4b38-b458-e1aa80c360bd,DelinquentPlagiarism,UT2MA,wallis@aol.com,,
076c62a1-18b2-497a-a33c-248a9a53f909,DistrustfulHacienda,I702H,oralla@icloud.com,,
fb600e18-50c4-46b8-a04c-dcd6f425773e,UnacknowledgedTotal,7EZHL,mehetabel@aol.com,,
e5d0287c-312e-444c-bdd0-c9a1f92826ac,ConfoundedFreezing,6Z74V,ardra@aol.com,,
259e3d08-af32-4e6d-bd10-226e949511cf,CurvyBlanket,62LK8,vassili@aol.com,,
1d947073-1cd1-4d4f-b088-359435c3b661,FixedDomination,0IM3A,aeriel@aol.com,,
2d968f58-53d9-4c87-a846-d6d1fb495c96,FascinatedRevenge,2DDV6,kaycee@yahoo.com,,
d3d0334a-6577-4c43-a114-21c9315cd008,IntrepidSignificance,SJIA9,latrena@aol.com,,
086dc84c-d64a-49a4-bae8-dd26aac91cc7,TrustworthyPicnic,DOWHS,faunie@gmail.com,,
61cfa63a-4406-4ac5-9a84-0b5c5dc78f4c,MagnificentArrest,9DNGX,caryn@outlook.com,,
c72abd56-4fa7-4c78-81eb-72b73bbd5c73,UnfailingGain,4X0UM,arnold@icloud.com,,
2d7434c0-dcee-4933-949f-529f5c4ad21e,AgrarianOnset,UEB51,ardyth@icloud.com,,
3da7b524-bdef-4bfc-91d9-56576dcd4e12,IconoclasticCapability,BCRJX,zuzana@aol.com,,
08338320-bd3b-4d96-9304-520dd16445ac,DeepeningShaker,E0H4T,abigael@outlook.com,,
602c9f0e-9bd1-4721-a240-508d594201e4,RefreshingHardening,I0RFK,alpa@outlook.com,,
f2c2233c-d95e-4011-a2ae-8c127393355b,ColdConduct,BD9RC,kelley@aol.com,,
02566bc0-d447-4127-a25c-993bc88ee7a7,TameWeather,AHLA8,perri@yahoo.com,,
a919ea3e-3fb7-4c31-9ec4-4573f3b8e8ae,LimpSpelling,3CTAD,salvidor@gmail.com,,
169f4507-be5e-4a32-add9-6f60aa238531,ClearheadedForelimb,57MD2,lucian@yahoo.com,,
934eae59-91cf-4c40-935e-b24f48009a5b,Built-inChoice,9HIXZ,jaquith@yahoo.com,,
d15e9e92-2318-4028-b798-56b079aa89e2,NumerableHunter,BJKGB,gretna@aol.com,,
a22f3182-d00c-444b-bb6b-bf06c3358104,RepentantChauvinist,7G9SU,rivkah@icloud.com,,
df2b0081-d33e-4f4a-882a-c448e49c92fe,ThinBitten,DEDVU,jacenta@gmail.com,,
3ca681e3-aa3b-4801-a95e-a6bfaa2466f5,LegislativeEngineer,VPJGT,dorisa@yahoo.com,,
61009be5-a9c2-4e21-9b32-eacdba8621a5,WrenchingStrudel,FZ14J,jenn@yahoo.com,,
e7fb81ac-9e9c-41fc-ac4a-1da43f740474,ClearViolation,UTQI9,mitzi@aol.com,,
ab93f631-dde9-4136-a63b-2e426302d1a9,RestrainedXylophone,ER5OD,dore@outlook.com,,
2377dfe0-32a9-4529-9d4f-f18e745ecb1f,OralStatue,1B0PD,aliza@icloud.com,,
f279b4fb-eee9-4bb1-aff6-58d287d3523a,LeatherEggnog,YJI3O,marquita@icloud.com,,
d39aaeaf-fd15-4c77-a84d-9a23352f77b3,EffervescentDirective,NGIS5,danell@icloud.com,,
5198942d-003e-4f7c-8f79-c9f15d6047a1,ScripturalGum,1LOXF,maegan@gmail.com,,
52aaf8cb-8eb4-4b36-a2ce-3ce0105cd275,UniversalSeparation,SICMH,edwina@gmail.com,,
d3ebe145-194a-405f-94ca-4bb6aab99dcd,DrivenTeenager,JJA2M,lacee@yahoo.com,,
